Frame,Timestamp_sec,YOLO_Inference_ms,YOLO_Objects,YOLO_Speed_objs_per_ms,MP_Inference_ms,MP_Objects,MP_Speed_objs_per_ms
5,0.16683333333333333,871.2129592895508,17,0.019513024707372366,871.5128898620605,10,0.011474299595939147
10,0.33366666666666667,241.06979370117188,14,0.058074467916765564,241.3020133972168,10,0.041441842358516105
15,0.5005000000000001,222.31197357177734,14,0.062974566,222.40424156188965,9,0.040466854
20,0.6673333333333333,186.15984916687012,13,0.069832459,186.34700775146484,11,0.059029657265390306
25,0.8341666666666667,239.09497261047363,15,0.062736576,239.24970626831055,8,0.033437868
30,1.0010000000000001,188.61699104309082,17,0.090129738,188.90023231506348,8,0.042350398
35,1.1678333333333333,183.0909252166748,15,0.081926507,183.27093124389648,8,0.043651221422308484
40,1.3346666666666667,179.24118041992188,13,0.072527976,179.4259548187256,8,0.044586637468823374
45,1.5015,173.36678504943848,15,0.086521764,173.44093322753906,10,0.057656516
50,1.6683333333333334,182.00397491455078,15,0.082415782,182.0838451385498,10,0.054919754096750754
55,1.8351666666666666,193.21084022521973,15,0.077635396,193.30191612243652,11,0.056905799076676776
60,2.0020000000000002,188.31467628479004,18,0.09558469,188.41075897216797,11,0.058383078
65,2.168833333333333,175.2791404724121,19,0.10839852334277328,175.37403106689453,10,0.057020985029337716
70,2.3356666666666666,180.4950237,17,0.094185422,180.99093437194824,9,0.049726248
75,2.5025,183.1660270690918,14,0.076433388,183.2590103149414,12,0.065481091
80,2.6693333333333333,175.28986930847168,14,0.079867707,175.37689208984375,12,0.068424066
85,2.8361666666666667,181.04195594787598,18,0.099424467,181.20598793029785,12,0.066222977
90,3.003,179.8717975616455,16,0.088952244,179.95476722717285,16,0.088911232
95,3.1698333333333335,179.0328025817871,18,0.10054023475266274,179.25572395324707,11,0.061364847
100,3.336666666666667,181.75578117370605,19,0.10453587708355469,181.84423446655273,10,0.054992120202960494
105,3.5035000000000003,181.0770034790039,18,0.099405223,181.1692714691162,11,0.060716698
110,3.6703333333333332,175.54283142089844,19,0.10823569294290215,175.63199996948242,9,0.051243509
115,3.8371666666666666,222.92304039001465,17,0.076259502,223.01483154296875,11,0.049324073757312445
120,4.0040000000000004,187.31021881103516,18,0.096097266,187.4089241027832,12,0.064031102
125,4.170833333333333,191.03193283081055,21,0.10992926516949851,191.45584106445312,11,0.057454502
130,4.337666666666666,181.09679222106934,21,0.11596008820722115,181.19502067565918,11,0.060708070006460634
135,4.5045,172.7740765,17,0.098394391,172.85799980163574,12,0.069421143
140,4.671333333333333,179.1539192199707,15,0.083726887,179.2619228363037,10,0.055784295079394426
145,4.838166666666667,173.94042015075684,14,0.08048733,174.0279197692871,9,0.05171584
150,5.005,180.62996864318848,14,0.077506518,180.71699142456055,13,0.071935682
155,5.171833333333334,173.62308502197266,14,0.080634439,173.7082004547119,11,0.063324587
160,5.338666666666667,173.6428737640381,15,0.086384196,173.72894287109375,11,0.063317026
165,5.5055000000000005,172.3940372467041,18,0.10441196393725115,172.48201370239258,13,0.075370178
170,5.6723333333333334,175.59194564819336,18,0.10251039666741799,175.76289176940918,13,0.07396328
175,5.839166666666666,175.1880645751953,19,0.1084548770264238,175.45199394226074,12,0.068394777
180,6.006,193.00079345703125,17,0.088082539,193.09020042419434,13,0.067326047
185,6.172833333333333,171.9360352,17,0.098873979,172.01614379882812,13,0.075574302
190,6.339666666666667,174.35097694396973,18,0.10324002948251082,174.44300651550293,12,0.068790376
195,6.5065,177.00695991516113,17,0.096041421,177.09779739379883,12,0.067759171
200,6.673333333333334,182.30175971984863,16,0.087766569,182.37781524658203,12,0.065797476
205,6.840166666666667,172.61886596679688,15,0.086896643,173.10404777526855,13,0.075099342
210,7.007000000000001,176.98216438293457,17,0.096054877,177.06918716430664,12,0.06777012
215,7.1738333333333335,178.23004722595215,16,0.08977162,178.4501075744629,11,0.061641879
220,7.3406666666666665,175.01091957092285,18,0.10285072522406542,175.0950813293457,12,0.068534192
225,7.5075,177.6440143585205,18,0.10132623981167452,177.73914337158203,14,0.078767118
230,7.674333333333333,176.63216590881348,16,0.090583728,176.71990394592285,12,0.067904066
235,7.841166666666667,178.42769622802734,21,0.11769473262246452,178.5271167755127,13,0.07281807
240,8.008000000000001,172.5180149078369,20,0.11592992193125141,172.61123657226562,14,0.081107118
245,8.174833333333334,176.4049530029297,18,0.1020379512796393,176.49292945861816,16,0.09065519
250,8.341666666666667,172.20568656921387,18,0.10452616495196482,172.29390144348145,13,0.075452468
255,8.5085,177.73890495300293,18,0.10127214413051264,177.8271198272705,13,0.07310471
260,8.675333333333333,177.81400680541992,15,0.084357809,177.92582511901855,12,0.067443835
265,8.842166666666667,176.4819622039795,15,0.084994522,176.56874656677246,12,0.067962197
270,9.009,172.99485206604004,18,0.10404933895448275,173.10070991516113,11,0.063546822
275,9.175833333333333,175.68111419677734,18,0.10245836658252586,175.77290534973145,10,0.05689159
280,9.342666666666666,171.9191074371338,15,0.087250337,172.00708389282227,10,0.05813714
285,9.509500000000001,172.09911346435547,17,0.098780288,172.18494415283203,10,0.058077087
290,9.676333333333334,175.33206939697266,14,0.079848484,175.42195320129395,13,0.07410703
295,9.843166666666667,172.38092422485352,16,0.092817695,172.46007919311523,11,0.063782877
300,10.01,174.96609687805176,17,0.09716168,175.05407333374023,12,0.068550247
305,10.176833333333333,172.37567901611328,16,0.092820519,172.58286476135254,13,0.075326134
310,10.343666666666667,172.71971702575684,18,0.10421508505201957,172.80888557434082,13,0.075227613
315,10.5105,174.5128631591797,17,0.097414023,174.65996742248535,12,0.068704925
320,10.677333333333333,175.1728057861328,16,0.091338378,175.25982856750488,12,0.068469769
325,10.844166666666666,174.36695098876953,16,0.091760508,174.44610595703125,10,0.057324295
330,11.011000000000001,174.75414276123047,18,0.10300185000245575,174.84092712402344,12,0.068633816
335,11.177833333333334,174.44586753845215,16,0.091718997,174.59368705749512,11,0.063003423
340,11.344666666666667,173.3109951019287,20,0.11539948742569667,173.41279983520508,12,0.069199044
345,11.5115,173.80380630493164,17,0.097811437,173.89273643493652,12,0.069008058
350,11.678333333333333,175.69398880004883,14,0.079684001,175.77290534973145,10,0.05689159
355,11.845166666666668,172.6059913635254,17,0.098490208,173.01201820373535,12,0.069359343
360,12.012,175.13775825500488,15,0.085646865,175.2169132232666,11,0.062779328
365,12.178833333333333,194.61774826049805,19,0.097627273,194.70477104187012,12,0.061631771711538955
370,12.345666666666666,175.11606216430664,19,0.10849947038080845,175.2018928527832,12,0.068492411
375,12.512500000000001,174.98207092285156,18,0.10286768184345059,175.06694793701172,11,0.062833105
380,12.679333333333334,173.33292961120605,17,0.098077152,173.41899871826172,9,0.051897428001077855
385,12.846166666666667,172.90401458740234,16,0.092536891,172.9898452758789,11,0.063587547
390,13.013,173.80404472351074,14,0.080550484,174.0128993988037,14,0.080453806
395,13.179833333333333,174.9260425567627,17,0.097183928,175.00615119934082,13,0.074283103
400,13.346666666666668,174.89886283874512,17,0.097199031,175.0049591064453,10,0.057141238
405,13.5135,174.48806762695312,17,0.097427866,174.57294464111328,9,0.051554380425341294
410,13.680333333333333,173.6612319946289,14,0.080616726,173.74801635742188,9,0.051799152523766656
415,13.847166666666666,185.0111484527588,13,0.070266036,185.09697914123535,8,0.043220586511548226
420,14.014000000000001,226.99904441833496,16,0.070484878,227.0817756652832,11,0.048440699
425,14.180833333333334,177.77180671691895,13,0.073127456,177.86502838134766,12,0.067466888
430,14.347666666666667,184.2789649963379,13,0.070545219,184.3712329864502,10,0.054238396
435,14.5145,176.6808032989502,15,0.084898867,176.7709255218506,13,0.073541506
440,14.681333333333333,172.32894897460938,14,0.081239978,172.41668701171875,13,0.075398734
445,14.848166666666668,205.62386512756348,16,0.07781198,205.7170867919922,14,0.068054629
450,15.015,184.20791625976562,14,0.076001077,184.30709838867188,15,0.081385905
455,15.181833333333334,180.87100982666016,17,0.093989634,180.97209930419922,15,0.082885705
460,15.348666666666666,178.24482917785645,19,0.10659495755156745,178.33709716796875,13,0.072895658
465,15.5155,180.92799186706543,20,0.11054121473196225,181.02121353149414,15,0.082863216
470,15.682333333333334,177.73103713989258,13,0.073144231,177.81901359558105,15,0.084355434
475,15.849166666666667,177.20794677734375,14,0.079003229,177.28495597839355,13,0.073328275
480,16.016000000000002,177.76799201965332,12,0.067503716,177.8419017791748,6,0.033737830848492405
485,16.182833333333335,172.33991622924805,19,0.11024723938432253,172.44386672973633,10,0.057989885
490,16.349666666666668,176.32579803466797,19,0.10775507731582391,176.41401290893555,13,0.073690291
495,16.5165,173.1698513031006,16,0.092394836,173.26116561889648,14,0.080802873
500,16.683333333333334,176.21588706970215,16,0.090797716,176.3021945953369,10,0.056720791
505,16.850166666666667,174.28302764892578,22,0.1262314540708841,174.3791103363037,13,0.074550214
510,17.017,178.78007888793945,22,0.12305621597689162,179.25310134887695,14,0.078101857
515,17.183833333333332,174.08323287963867,24,0.13786508673465195,174.48925971984863,12,0.068772141
520,17.350666666666665,172.6980209350586,18,0.10422817761628389,172.8680134,11,0.063632362
525,17.517500000000002,174.9870777130127,16,0.091435323,175.07481575012207,10,0.057118438
530,17.684333333333335,174.44133758544922,19,0.10891913730421234,174.54218864440918,10,0.057292739
535,17.851166666666668,176.1488914489746,17,0.096509265,176.24211311340332,11,0.06241414
540,18.018,177.1688461303711,18,0.10159799757771498,177.25014686584473,11,0.062059187
545,18.184833333333334,205.14202117919922,16,0.077994747,205.21926879882812,11,0.053601204528133536
550,18.351666666666667,185.68015098571777,19,0.10232650016242958,185.78100204467773,13,0.069974862
555,18.5185,182.91187286376953,19,0.10387515967403035,183.0117702484131,10,0.054641294308155085
560,18.685333333333332,177.43396759033203,19,0.10708208951212826,177.51216888427734,13,0.073234416
565,18.852166666666665,175.9333610534668,23,0.13073131702980548,176.02014541625977,11,0.062492847
570,19.019000000000002,174.44992065429688,27,0.15477221141020314,174.53885078430176,13,0.074481985
575,19.185833333333335,176.93614959716797,23,0.12999039513612282,177.0310401916504,12,0.067784723
580,19.352666666666668,177.41918563842773,21,0.118363749,177.7968406677246,12,0.067492763
585,19.5195,173.66886138916016,16,0.092129354,173.75493049621582,11,0.063307556
590,19.686333333333334,176.9428253173828,22,0.12433394776272245,177.02293395996094,13,0.073436812
595,19.853166666666667,180.76515197753906,19,0.10510875460310426,180.85885047912598,15,0.082937606
600,20.02,213.2890224456787,18,0.084392529,213.38701248168945,16,0.074981133
605,20.186833333333333,250.24008750915527,18,0.071930921,250.35405158996582,15,0.059915148
610,20.353666666666665,193.31002235412598,15,0.077595563,193.46880912780762,14,0.072363086
615,20.520500000000002,176.7590045928955,11,0.062231624,176.84698104858398,15,0.08481909
620,20.687333333333335,194.54622268676758,14,0.071962333,194.63205337524414,14,0.071930598
625,20.854166666666668,176.61809921264648,17,0.096252876,176.70607566833496,13,0.073568495
630,21.021,173.61092567443848,17,0.097920105,173.69699478149414,13,0.074842976
635,21.187833333333334,170.0279712677002,14,0.082339393,170.11618614196777,13,0.07641836
640,21.354666666666667,175.86016654968262,17,0.096667712,175.94599723815918,13,0.073886307
645,21.5215,173.51818084716797,17,0.097972443,173.6130714416504,14,0.080639089
650,21.688333333333333,174.2997169494629,18,0.1032703914557646,174.38387870788574,10,0.05734475
655,21.855166666666666,172.0902919769287,18,0.10459625463598592,172.17493057250977,11,0.063888511
660,22.022000000000002,175.2929688,19,0.1083899721448468,175.37879943847656,10,0.057019434686619755
665,22.188833333333335,183.41803550720215,17,0.092684451,183.50481986999512,10,0.054494481
670,22.355666666666668,175.4281520843506,20,0.11400678717965096,175.51422119140625,13,0.074068072
675,22.5225,173.86889457702637,16,0.092023361,173.95687103271484,14,0.080479718
680,22.689333333333334,171.67091369628906,16,0.093201578,171.75722122192383,14,0.081510401
685,22.856166666666667,186.6281032562256,17,0.091090247,186.71321868896484,12,0.064269686
690,23.023,207.4410915374756,16,0.077130331,207.52811431884766,13,0.062642115
695,23.189833333333333,184.49783325195312,14,0.07588165,184.5860481262207,13,0.070427858
700,23.356666666666666,176.30600929260254,14,0.07940739,176.3901710510254,11,0.062361751
705,23.523500000000002,176.23209953308105,12,0.068092022,176.32198333740234,12,0.068057311
710,23.690333333333335,175.8878231048584,11,0.062539861,175.97389221191406,13,0.073874595
715,23.857166666666668,173.45213890075684,14,0.080713908,173.54083061218262,12,0.069147992
720,24.024,168.73598098754883,13,0.077043437,168.81513595581055,13,0.077007313
725,24.190833333333334,172.15490341186523,14,0.08132211,172.2419261932373,15,0.087086811
730,24.357666666666667,172.9869842529297,11,0.063588599,173.07710647583008,14,0.080888803
735,24.5245,175.59289932250977,11,0.062644902,175.66895484924316,12,0.068310306
740,24.691333333333333,175.51779747009277,12,0.068369135,175.60386657714844,15,0.085419531
745,24.858166666666666,170.72725296020508,12,0.070287548,170.81212997436523,13,0.076107007
750,25.025000000000002,182.79290199279785,14,0.076589407,182.87301063537598,13,0.071087581
755,25.191833333333335,172.6391315460205,18,0.1042637311645751,172.7311611175537,12,0.06947212
760,25.358666666666668,172.4386215209961,17,0.098585803,172.5168228149414,13,0.07535497
765,25.5255,257.9498291015625,17,0.065904289,258.03279876708984,12,0.046505716
770,25.692333333333334,262.4828815460205,14,0.053336812,262.62903213500977,12,0.045691825852029785
775,25.859166666666667,255.9649944,17,0.066415332,256.4690113067627,16,0.062385705
780,26.026,483.22200775146484,15,0.031041632540285576,483.33096504211426,12,0.024827707860501758
785,26.192833333333333,553.8897514343262,14,0.025275788121636618,554.0359020233154,10,0.018049372
790,26.359666666666666,211.69495582580566,12,0.056685337,212.0959758758545,11,0.051863313
795,26.526500000000002,186.44094467163086,17,0.091181688,186.54489517211914,12,0.064327678
800,26.693333333333335,190.05990028381348,16,0.084183986,190.4311180114746,14,0.073517396
805,26.860166666666668,180.05108833312988,17,0.094417646,180.18078804016113,15,0.083249719
810,27.027,175.80008506774902,15,0.085324191,175.8859157562256,14,0.07959705
815,27.193833333333334,186.3088607788086,18,0.096613762,186.4330768585205,13,0.069730116
820,27.360666666666667,184.56721305847168,15,0.081271206,184.6599578857422,16,0.086645747
825,27.5275,205.43193817138672,14,0.068149092,205.60193061828613,13,0.063228978
830,27.694333333333333,182.68299102783203,12,0.06568756,182.79433250427246,16,0.087530066
835,27.861166666666666,180.53627014160156,15,0.083085798,180.73391914367676,14,0.07746194
840,28.028000000000002,194.72908973693848,16,0.082165433,194.81587409973145,14,0.071862727
845,28.194833333333335,180.5248260498047,18,0.099709278,180.61184883117676,14,0.077514294
850,28.361666666666668,186.28311157226562,20,0.10736346323183094,186.3698959350586,11,0.059022408
855,28.5285,176.0849952697754,18,0.10222336078336858,176.34272575378418,12,0.068049305
860,28.695333333333334,181.0472011566162,18,0.099421587,181.13303184509277,13,0.071770454
865,28.862166666666667,195.74904441833496,17,0.08684589,195.83511352539062,11,0.056169702164131134
870,29.029,188.96794319152832,15,0.079378543,189.1188621520996,13,0.068739838
875,29.195833333333333,178.17974090576172,19,0.1066338962185886,178.2701015472412,15,0.084141984
880,29.362666666666666,177.25896835327148,19,0.10718780649864555,177.34479904174805,14,0.078942264
885,29.529500000000002,178.0860424041748,20,0.11230526396116458,178.1911849975586,14,0.078567298
890,29.696333333333335,179.9769401550293,19,0.10556908003677415,180.06491661071777,14,0.077749738
895,29.863166666666668,173.44999313354492,16,0.092245608,173.5370159,13,0.074911972
900,30.03,179.40092086791992,17,0.094759826,179.4891357421875,15,0.083570518
905,30.196833333333334,178.85088920593262,16,0.089459997,178.93505096435547,11,0.06147482
910,30.363666666666667,179.7187328338623,18,0.1001565040893081,179.80694770812988,14,0.077861285
915,30.5305,213.23180198669434,16,0.075035712,213.31000328063965,13,0.060944165
920,30.697333333333333,180.19390106201172,15,0.083243661,180.31883239746094,12,0.066548789
925,30.864166666666666,185.34517288208008,11,0.059348726643117904,185.42194366455078,12,0.064717259
930,31.031,185.63294410705566,16,0.086191597,185.72378158569336,10,0.053843400746101965
935,31.197833333333335,184.6470832824707,15,0.081236052,184.74698066711426,10,0.054128084
940,31.36466666666667,195.26100158691406,9,0.046092153204458204,195.3260898590088,9,0.046076793973075604
945,31.5315,192.3849582672119,7,0.036385381,192.6889419555664,9,0.046707403
950,31.698333333333334,183.20918083190918,15,0.081873626,183.3040714263916,8,0.04364333
955,31.865166666666667,183.60304832458496,19,0.10348412062533194,183.6998462677002,10,0.054436627
960,32.032000000000004,182.13796615600586,21,0.11529721366281734,182.23285675048828,13,0.0713373
965,32.19883333333333,203.36580276489258,18,0.088510456,203.45807075500488,14,0.068810246
970,32.36566666666667,321.821928,19,0.059038860765776746,321.96688652038574,12,0.037270914
975,32.5325,184.31520462036133,19,0.10308427912463748,184.48615074157715,12,0.065045533
980,32.699333333333335,183.75015258789062,17,0.09251693,183.86268615722656,14,0.07614378
985,32.866166666666665,190.99903106689453,16,0.083770058,191.11299514770508,13,0.068022585
990,33.033,183.4733486175537,20,0.10900765779170235,183.58826637268066,9,0.049022740820103244
995,33.19983333333333,193.66073608398438,18,0.092946048,193.7561035,12,0.061933533
1000,33.36666666666667,177.57391929626465,15,0.084471864,177.67572402954102,10,0.056282309
1005,33.533500000000004,176.42903327941895,19,0.10769202577848289,176.53393745422363,12,0.067975598
1010,33.70033333333333,187.53814697265625,18,0.095980473,187.62898445129395,15,0.079945004
1015,33.86716666666667,187.2878074645996,16,0.085430014,187.3919964,14,0.074709701
1020,34.034,180.64618110656738,13,0.071963879,180.7410717010498,11,0.060860544
1025,34.200833333333335,179.0461540222168,15,0.083777281,179.41713333129883,13,0.072456848
1030,34.367666666666665,178.76124382019043,16,0.089504859,178.84421348571777,12,0.067097502
1035,34.5345,178.91192436218262,19,0.10619750510053824,179.0158748626709,15,0.083791452
1040,34.70133333333333,175.15802383422852,17,0.097055217,175.25482177734375,13,0.074177702
1045,34.86816666666667,176.4237880706787,16,0.090690718,176.53679847717285,8,0.045316331036978914
1050,35.035000000000004,193.16720962524414,19,0.098360379,193.24803352355957,12,0.062096362799660965
1055,35.20183333333333,187.7748966217041,17,0.090533933,187.86096572875977,13,0.069200113
1060,35.36866666666667,175.8868694,21,0.11939492736433593,175.96864700317383,12,0.068193966
1065,35.5355,179.66389656066895,17,0.094621125,179.75974082946777,13,0.072318751
1070,35.702333333333335,178.73215675354004,13,0.072734533,178.8158416748047,13,0.072700494
1075,35.869166666666665,181.5481185913086,14,0.077114542,181.63704872131348,12,0.066065817
1080,36.036,179.43096160888672,19,0.10589030917314653,179.52990531921387,12,0.066841232
1085,36.20283333333333,183.6380958557129,18,0.098018877,183.73394012451172,14,0.076197136
1090,36.36966666666667,181.55694007873535,17,0.093634537,181.99992179870605,13,0.071428602
1095,36.536500000000004,196.0759162902832,17,0.086701112,196.32601737976074,12,0.061122820908590794
1100,36.70333333333333,188.56501579284668,17,0.090154581,188.65203857421875,12,0.063609172
1105,36.87016666666667,186.85317039489746,17,0.090980527,186.97333335876465,16,0.0855737
1110,37.037,187.90102005004883,17,0.090473165,187.98422813415527,12,0.063835143
1115,37.203833333333336,182.7719211578369,15,0.082069499,182.86705017089844,13,0.071089898
1120,37.370666666666665,189.30888175964355,16,0.084517957,189.39900398254395,12,0.063358306
1125,37.5375,189.0110969543457,17,0.089941809,189.1458034515381,11,0.058156194
1130,37.70433333333333,181.5021038,17,0.093662826,181.9162368774414,13,0.071461461
1135,37.87116666666667,183.26139450073242,14,0.076393613,183.4869384765625,12,0.065399751
1140,38.038000000000004,180.1142692565918,15,0.083280464,180.2220344543457,13,0.072133244
1145,38.20483333333333,182.26003646850586,17,0.093273327,182.34896659851074,12,0.065807886
1150,38.37166666666667,186.13910675048828,17,0.091329545,186.23089790344238,13,0.069805817
1155,38.5385,180.4490089416504,15,0.083125976,180.5288791656494,14,0.077549919
1160,38.705333333333336,183.50601196289062,17,0.092640017,183.5951805114746,13,0.070807959
1165,38.872166666666665,187.37101554870605,17,0.090729081,187.47901916503906,14,0.074675023
1170,39.039,183.17198753356934,16,0.087349601,183.26187133789062,13,0.070936742
1175,39.20583333333333,187.8488063812256,17,0.090498313,187.97683715820312,12,0.063837652
1180,39.37266666666667,177.7808666229248,17,0.095623339,177.8709888458252,13,0.07308668
1185,39.539500000000004,179.81290817260742,17,0.094542712,179.9027919769287,11,0.061144132
1190,39.70633333333333,186.99312210083008,16,0.085564644,187.0870590209961,13,0.069486367
1195,39.87316666666667,182.87897109985352,16,0.087489556,182.97505378723145,13,0.071047936
1200,40.04,215.79694747924805,17,0.078777759,215.9440517425537,12,0.055569949
1205,40.206833333333336,182.6648712158203,17,0.093066608,182.78121948242188,14,0.076594302
1210,40.373666666666665,184.9040985107422,16,0.086531343,185.0130558013916,11,0.059455264
1215,40.5405,215.41619300842285,15,0.069632648,215.52801132202148,10,0.046397681390280866
1220,40.70733333333333,265.1209831237793,13,0.049034217687441886,265.2249336242676,10,0.037703846
1225,40.87416666666667,186.46907806396484,13,0.069716653,186.55896186828613,11,0.058962592254164614
1230,41.041000000000004,213.38295936584473,16,0.074982557,213.47522735595703,13,0.060896995688981215
1235,41.20783333333333,186.13314628601074,16,0.085959972,186.25688552856445,11,0.059058219344664355
1240,41.37466666666667,188.04693222045898,16,0.085085142,188.1558895111084,12,0.063776903
1245,41.5415,198.34113121032715,14,0.07058546,198.42815399169922,12,0.060475289
1250,41.708333333333336,183.14719200134277,14,0.076441248,183.23516845703125,12,0.065489612
1255,41.875166666666665,192.53993034362793,16,0.083099646,192.6257610321045,13,0.067488377
1260,42.042,187.2119903564453,15,0.080123073,187.32023239135742,13,0.069399871
1265,42.20883333333333,180.4971694946289,15,0.083103796,180.58514595031738,12,0.066450648
1270,42.37566666666667,180.09376525878906,20,0.11105326145666748,180.18102645874023,11,0.061049713
1275,42.542500000000004,180.19366264343262,19,0.10544211001247707,180.5889606,10,0.05537437
1280,42.70933333333333,179.85916137695312,16,0.088958493,179.9468994140625,13,0.072243534
1285,42.87616666666667,179.1691780090332,15,0.083719757,179.2602539,12,0.066941777
1290,43.043,180.2058219909668,15,0.083238154,180.29069900512695,10,0.055465978
1295,43.209833333333336,177.1838665008545,14,0.079013966,177.26588249206543,6,0.033847461
1300,43.376666666666665,179.2888641357422,15,0.083663869,179.3828010559082,12,0.066896045
1305,43.5435,178.32207679748535,18,0.10094095090896693,178.40886116027832,13,0.072866336
1310,43.71033333333333,179.13103103637695,17,0.094902597,179.21876907348633,14,0.078116818
1315,43.87716666666667,204.64801788330078,14,0.068410142,204.73599433898926,15,0.073265085
1320,44.044000000000004,189.70417976379395,18,0.094884573,189.79692459106445,16,0.084300628
1325,44.21083333333333,181.23912811279297,17,0.09379873,181.32901191711426,13,0.071692885
1330,44.37766666666667,177.46925354003906,14,0.078886904,177.55603790283203,13,0.073216322
1335,44.5445,184.8130226135254,17,0.09198486,184.90004539489746,15,0.081124912
1340,44.711333333333336,180.9999942779541,13,0.071823207,181.08606338500977,12,0.066266833
1345,44.878166666666665,179.5482635498047,13,0.072403931,179.6400547027588,19,0.10576705752755602
1350,45.045,184.6792697906494,15,0.081221894,184.7708225250244,15,0.081181649
1355,45.21183333333333,184.19289588928223,14,0.076007275,184.28897857666016,14,0.075967647
1360,45.37866666666667,181.5049648284912,13,0.071623385,181.5927028656006,12,0.06608195
1365,45.545500000000004,179.11219596862793,14,0.078163298,179.19111251831055,12,0.066967607
1370,45.71233333333333,205.35612106323242,18,0.08765261,205.44886589050293,16,0.077878259
1375,45.87916666666667,210.86788177490234,18,0.085361506,211.11583709716797,13,0.061577568877585594
1380,46.046,188.39192390441895,13,0.069005081,188.4920597076416,12,0.063663159
1385,46.212833333333336,241.18494987487793,15,0.062192935370891544,241.6980266571045,11,0.045511336
1390,46.379666666666665,196.76685333251953,14,0.071150195,197.0510482788086,14,0.071047579
1395,46.5465,179.8558235168457,15,0.083400135,179.97097969055176,15,0.083346771
1400,46.71333333333333,177.82187461853027,14,0.078730471,177.90579795837402,12,0.067451427
1405,46.88016666666667,199.21207427978516,14,0.070276865,199.30005073547363,12,0.060210722
1410,47.047000000000004,187.7119541168213,13,0.069255046,187.79897689819336,11,0.058573269
1415,47.21383333333333,186.28215789794922,12,0.064418408,186.3708496,12,0.064387752
1420,47.38066666666667,179.81505393981934,14,0.077857775,179.9020767211914,13,0.072261534
1425,47.5475,185.85491180419922,14,0.075327576,185.94717979431152,13,0.069912327
1430,47.714333333333336,179.87728118896484,14,0.077830841,179.9619197845459,11,0.061124042
1435,47.881166666666665,180.78279495239258,15,0.082972497,180.87172508239746,12,0.066345362
1440,48.048,179.94976043701172,12,0.066685279,180.0386905670166,12,0.06665234
1445,48.21483333333333,200.42896270751953,12,0.059871586610520305,200.5171775817871,14,0.069819455
1450,48.38166666666667,185.06598472595215,11,0.059438259366187296,185.15396118164062,12,0.064810928
1455,48.548500000000004,177.78396606445312,14,0.078747259,177.8728962,11,0.061841912
1460,48.715333333333334,184.5560073852539,10,0.054184094,184.73100662231445,15,0.081199146
1465,48.88216666666667,185.4388714,16,0.086281802,185.52803993225098,14,0.075460292
1470,49.049,179.5330047607422,12,0.066840078,179.6250343322754,12,0.066805833
1475,49.215833333333336,182.52325057983398,17,0.093138819,182.60502815246582,9,0.049286704156281294
1480,49.382666666666665,176.5897274017334,16,0.090605497,176.67484283447266,10,0.056601154072450706
1485,49.5495,181.81610107421875,13,0.071500818,181.90312385559082,9,0.049476885
1490,49.71633333333333,177.44779586791992,15,0.084531904,177.53314971923828,10,0.056327509
1495,49.88316666666667,182.59096145629883,14,0.076674113,182.67583847045898,12,0.065690132
1500,50.050000000000004,179.25310134887695,14,0.078101857,179.34012413024902,12,0.066911964
1505,50.216833333333334,181.13207817077637,14,0.077291666,181.21981620788574,14,0.077254245
1510,50.38366666666667,200.24609565734863,13,0.064920117,200.44493675231934,13,0.064855717
1515,50.5505,182.9087734222412,14,0.076540888,182.99508094787598,12,0.065575533
1520,50.717333333333336,179.71372604370117,15,0.083466079,179.80074882507324,14,0.077863969
1525,50.884166666666665,181.8990707397461,14,0.076965759,181.9922924041748,15,0.082421073
1530,51.051,178.72881889343262,13,0.072735892,178.8182258605957,15,0.083884067
1535,51.21783333333333,180.47070503234863,15,0.083115983,180.5551052093506,13,0.07200018
1540,51.38466666666667,198.97007942199707,13,0.065336457,199.10025596618652,10,0.050225952505547324
1545,51.551500000000004,185.48083305358887,16,0.086262282,185.56904792785645,14,0.075443616
1550,51.718333333333334,180.28712272644043,15,0.083200618,180.3729534,12,0.066528821
1555,51.88516666666667,178.9569854736328,14,0.07823109,179.04210090637207,13,0.072608621
1560,52.052,183.18676948547363,13,0.070965824,183.2721233,12,0.065476406
1565,52.218833333333336,183.3188533782959,15,0.081824644,183.40396881103516,8,0.043619558
1570,52.385666666666665,178.84373664855957,14,0.078280628,178.93004417419434,12,0.067065316
1575,52.5525,181.9319725036621,10,0.0549656,182.01804161071777,10,0.054939609
1580,52.71933333333333,187.25872039794922,9,0.048061847164574366,187.3459815979004,11,0.058714897
1585,52.88616666666667,189.4371509552002,18,0.095018321,189.52608108520508,13,0.068592143
1590,53.053000000000004,181.0476779937744,12,0.066280883,181.13374710083008,12,0.066249389
1595,53.219833333333334,183.0441951751709,15,0.081947423,183.13288688659668,13,0.070986704
1600,53.38666666666667,179.38590049743652,12,0.06689489,179.47077751159668,11,0.061291315235368744
1605,53.5535,189.12720680236816,12,0.063449359,189.21399116516113,13,0.068705279
1610,53.720333333333336,186.58995628356934,11,0.058952798,186.70010566711426,13,0.069630384
1615,53.887166666666666,183.30693244934082,12,0.065463973,183.39276313781738,13,0.070886112
1620,54.054,183.58802795410156,11,0.059916761,183.6719512939453,9,0.049000404997040406
1625,54.22083333333333,189.39805030822754,9,0.047518969,189.48626518249512,12,0.063329128
1630,54.38766666666667,188.68589401245117,9,0.047698319,188.77291679382324,12,0.063568441
1635,54.554500000000004,185.06789207458496,10,0.054034224,185.1520538330078,8,0.04320773
1640,54.721333333333334,188.82274627685547,10,0.052959721,189.25189971923828,11,0.058123590919398324
1645,54.88816666666667,195.50108909606934,12,0.061380732,195.5862045288086,11,0.056241185448126896
1650,55.055,189.1651153564453,13,0.068723031,189.28003311157227,11,0.058114952
1655,55.221833333333336,181.12683296203613,11,0.060730924,181.2119483947754,11,0.060702399
1660,55.388666666666666,187.46495246887207,15,0.080014956,187.55698204040527,13,0.069312269
1665,55.5555,184.15307998657227,15,0.081453973,184.24129486083984,12,0.065131978
1670,55.72233333333333,188.88497352600098,15,0.079413411,188.97199630737305,15,0.07937684
1675,55.88916666666667,185.08291244506836,17,0.091850727,185.17184257507324,16,0.086406226
1680,56.056000000000004,188.50398063659668,22,0.11670841074922562,188.59219551086426,15,0.079536695
1685,56.222833333333334,191.71714782714844,16,0.08345628,191.8039321899414,13,0.067777547
1690,56.38966666666667,191.40100479125977,13,0.067920229,191.48707389831543,13,0.0678897
1695,56.5565,186.2051486968994,16,0.085926732,186.2928867340088,14,0.075150481
1700,56.723333333333336,184.52787399291992,14,0.075869297,184.6148968,11,0.059583491
1705,56.890166666666666,184.6468448638916,15,0.081236157,184.7379207611084,12,0.064956886
1710,57.057,189.72015380859375,13,0.068521977,189.80717658996582,12,0.063222056
1715,57.22383333333333,187.6380443572998,14,0.074611735,187.70480155944824,13,0.069257685
1720,57.39066666666667,185.8980655670166,14,0.07531009,185.9891414642334,9,0.048389922
1725,57.557500000000005,185.61410903930664,15,0.080812822,185.6989860534668,12,0.064620708
1730,57.724333333333334,187.94012069702148,13,0.069170968,188.02809715270996,12,0.063820249
1735,57.89116666666667,184.57388877868652,13,0.070432498,184.66567993164062,9,0.048736723
1740,58.058,183.99500846862793,16,0.086958881,184.0820313,10,0.054323607427055706
1745,58.224833333333336,186.78903579711914,18,0.096365399,186.8741512298584,11,0.058863143605504924
1750,58.391666666666666,182.91807174682617,19,0.10387163946434763,183.00795555114746,11,0.060106677
1755,58.5585,187.39914894104004,17,0.09071546,187.4868869781494,15,0.080005595
1760,58.72533333333333,187.81113624572754,13,0.069218473,187.90578842163086,11,0.058539974166829496
1765,58.89216666666667,196.55704498291016,14,0.071226142,196.64406776428223,11,0.055938631
1770,59.059000000000005,190.98496437072754,13,0.068068186,191.0719871520996,10,0.052336296
1775,59.225833333333334,194.56934928894043,15,0.077093335,194.66376304626465,13,0.066781818
1780,59.39266666666667,186.89393997192383,20,0.1070125655385322,186.9809627532959,12,0.064177657
1785,59.5595,188.17901611328125,16,0.085025421,188.26603889465332,10,0.053116324
1790,59.726333333333336,184.58199501037598,15,0.081264698,184.67092514038086,11,0.059565413
1795,59.893166666666666,184.35311317443848,14,0.075941218,184.43799018859863,10,0.054218764744586596
1800,60.06,185.90712547302246,17,0.09144351,185.99295616149902,10,0.053765476964175614
1805,60.22683333333333,189.2709732055664,20,0.10566860655531202,189.35775756835938,9,0.047529079957291644
1810,60.39366666666667,186.13100051879883,20,0.10745120342261333,186.21301651000977,7,0.037591357
1815,60.5605,185.90593338012695,14,0.075306903,186.02299690246582,8,0.043005436
1820,60.727333333333334,190.67788124084473,14,0.073422255,190.7649040222168,10,0.052420544
1825,60.89416666666667,187.90316581726074,16,0.085150242,187.9873275756836,9,0.047875568
1830,61.061,182.59716033935547,17,0.093101119,182.68513679504395,10,0.054738990677819004
1835,61.227833333333336,184.45396423339844,18,0.097585325,184.57484245300293,13,0.070432134
1840,61.394666666666666,181.98919296264648,19,0.10440180370435388,182.07979202270508,10,0.054920976616411196
1845,61.5615,190.11402130126953,18,0.094680023,190.2179718017578,10,0.052571268
1850,61.72833333333333,183.16221237182617,15,0.081894621,183.24804306030273,9,0.049113758
1855,61.89516666666667,184.3879222869873,12,0.065080184,184.47375297546387,8,0.043366602950090406
1860,62.062,183.02106857299805,13,0.071030074,183.1040382385254,9,0.049152384003000024
1865,62.228833333333334,183.11023712158203,13,0.070995484,183.1948757171631,9,0.049128011713030745
1870,62.39566666666667,194.6880817,16,0.08218274,194.77081298828125,6,0.030805436954052256
1875,62.5625,195.70016860961914,16,0.081757722,195.78790664672852,13,0.066398381
1880,62.72933333333334,191.0698413848877,11,0.057570571683480884,191.15710258483887,9,0.047081693
1885,62.896166666666666,187.06679344177246,15,0.080185263,187.1497631072998,8,0.042746514
1890,63.063,186.26093864440918,19,0.102007432,186.34605407714844,7,0.03756452
1895,63.22983333333333,183.93802642822266,14,0.076112592,184.0198040008545,5,0.027170989
1900,63.39666666666667,190.87791442871094,18,0.094301114,190.9649372,8,0.041892507163234345
1905,63.5635,185.13798713684082,18,0.09722478,185.2259635925293,10,0.053988111634277004
1910,63.730333333333334,185.1520538330078,17,0.091816427,185.23907661437988,11,0.059382718814233626
1915,63.89716666666667,187.52503395080566,19,0.10131980567983452,187.6089572906494,9,0.047972123132995884
1920,64.06400000000001,183.98594856262207,20,0.10870395351519321,184.0829849243164,15,0.081484989
1925,64.23083333333334,186.72776222229004,22,0.11781858111602121,186.84911727905273,13,0.069574854
1930,64.39766666666667,185.10079383850098,22,0.11885416341971408,185.18900871276855,14,0.075598439
1935,64.5645,183.5479736328125,20,0.10896333859838724,183.63690376281738,15,0.081682928
1940,64.73133333333334,186.2049102783203,23,0.12351983610755442,186.4030361175537,15,0.080470792
1945,64.89816666666667,185.61720848083496,18,0.096973767,185.70613861083984,14,0.075387923
1950,65.065,181.5469264984131,22,0.12118079013688124,181.63681030273438,16,0.088087871
1955,65.23183333333334,181.02192878723145,19,0.10495965945834174,181.11324310302734,14,0.077299704
1960,65.39866666666667,185.9912872314453,19,0.10215532288002625,186.0828399658203,15,0.08060926
1965,65.5655,182.7831268310547,20,0.10941929020880509,182.88683891296387,14,0.076550068
1970,65.73233333333333,181.81133270263672,18,0.099003729,181.8990707397461,15,0.082463313
1975,65.89916666666667,181.18810653686523,22,0.12142077325325873,181.28108978271484,17,0.093777018
1980,66.066,193.18819046020508,18,0.093173397,193.27616691589355,12,0.062087324
1985,66.23283333333333,184.8902702331543,21,0.11358088218227022,184.9808692932129,14,0.075683502
1990,66.39966666666666,188.08794021606445,23,0.12228322546133974,188.17687034606934,15,0.079712241
1995,66.5665,185.8661175,20,0.10760433516038785,185.9571933746338,16,0.086041307
2000,66.73333333333333,192.8858757019043,19,0.098503843,192.9769515991211,15,0.07772949
2005,66.90016666666666,183.8228702545166,21,0.1142404096450236,183.91084671020508,13,0.070686424
2010,67.06700000000001,183.6380958557129,17,0.092573384,183.72607231140137,13,0.070757513
2015,67.23383333333334,184.91601943969727,18,0.097341485,185.00614166259766,13,0.070267938
2020,67.40066666666667,182.87205696105957,19,0.10389777594094556,182.96217918395996,16,0.087449767
2025,67.5675,189.15772438049316,16,0.084585496,189.24593925476074,14,0.073977809
2030,67.73433333333334,181.5500259399414,16,0.088129979,181.63585662841797,12,0.06606625
2035,67.90116666666667,185.6379508972168,17,0.091576102,185.72497367858887,11,0.059227361
2040,68.068,187.33906745910645,13,0.069392894,187.4251365661621,10,0.053354636
2045,68.23483333333334,188.54188919067383,16,0.084861778,188.6279582977295,9,0.047712969388103335
2050,68.40166666666667,187.48021125793457,14,0.074674548,187.57295608520508,11,0.058643848
2055,68.5685,184.3421459197998,17,0.092219823,184.42916870117188,10,0.054221358098744496
2060,68.73533333333333,190.05990028381348,14,0.073660988,190.1409626,10,0.05259256
2065,68.90216666666667,189.74637985229492,14,0.073782699,189.8350715637207,11,0.057945036
2070,69.069,187.00599670410156,14,0.074863909,187.09182739257812,10,0.053449689
2075,69.23583333333333,184.33213233947754,16,0.086799842,184.4170093536377,9,0.04880244
2080,69.40266666666666,191.98298454284668,16,0.083340719,192.07024574279785,12,0.062477141910201206
2085,69.5695,188.25387954711914,15,0.079679633,188.3411407470703,14,0.074333202
2090,69.73633333333333,185.81676483154297,16,0.086106332,185.90378761291504,11,0.059170392068094754
2095,69.90316666666666,195.5401897,17,0.086938649,195.62792778015137,13,0.06645268
2100,70.07000000000001,190.29879570007324,20,0.1050978800282145,190.38105010986328,14,0.073536731
2105,70.23683333333334,185.05096435546875,20,0.10807833436404865,185.13917922973633,13,0.070217444
2110,70.40366666666667,192.3980712890625,22,0.11434626060750258,192.48628616333008,12,0.062342104
2115,70.5705,186.84077262878418,21,0.11239516784552622,186.93208694458008,16,0.085592582
2120,70.73733333333334,225.8758544921875,20,0.088544214,226.0730266571045,15,0.066350242
2125,70.90416666666667,282.60111808776855,18,0.063694016,282.72104263305664,11,0.03890761
2130,71.071,225.11887550354004,18,0.079957755,225.20112991333008,12,0.053285701
2135,71.23783333333334,205.2438259124756,20,0.097445075,205.47723770141602,11,0.053533910242575714
2140,71.40466666666667,193.56203079223633,19,0.098159747,193.6480999,11,0.056804068853351125
2145,71.5715,195.94407081604004,22,0.11227693651753545,196.0458755493164,12,0.061210163
2150,71.73833333333333,200.19793510437012,18,0.089911017,200.29377937316895,13,0.064904662
2155,71.90516666666667,193.94373893737793,18,0.092810421,194.07272338867188,13,0.066985199
2160,72.072,195.6198215484619,17,0.086903259,195.7240104675293,14,0.071529293
2165,72.23883333333333,191.67590141296387,18,0.093908519,191.78104400634766,17,0.088642754
2170,72.40566666666666,196.13194465637207,17,0.086676344,196.21896743774414,16,0.081541556
2175,72.5725,193.27688217163086,20,0.10347849041894155,193.3760643005371,14,0.072397792
2180,72.73933333333333,187.28995323181152,21,0.11212560864921564,187.3910427093506,17,0.090719384
2185,72.90616666666666,188.99011611938477,19,0.10053435804017248,189.11004066467285,15,0.079318898
2190,73.07300000000001,189.37182426452637,24,0.12673479855416772,189.8038387298584,18,0.094834752
2195,73.23983333333334,185.75119972229004,20,0.10767090619011496,185.83202362060547,15,0.080718058
2200,73.40666666666667,188.42196464538574,19,0.10083750074338953,188.51089477539062,14,0.074266265
2205,73.5735,195.00112533569336,16,0.082050809,195.3892707824707,14,0.071651836
2210,73.74033333333334,191.70093536376953,18,0.093896255,191.8027400970459,12,0.062564278
2215,73.90716666666667,214.2488956451416,17,0.079346967,214.33687210083008,9,0.041989975
2220,74.074,212.57805824279785,16,0.07526647,212.66913414001465,11,0.051723537806656734
2225,74.24083333333334,194.6868896484375,16,0.082183243,194.78082656860352,11,0.056473731
2230,74.40766666666667,261.4431381225586,20,0.07649847,261.54589653015137,13,0.049704469358789354
2235,74.5745,200.32286643981934,20,0.099838827,200.44589042663574,15,0.074833163
2240,74.74133333333333,189.56995010375977,26,0.1371525391327533,189.66102600097656,15,0.079088468
2245,74.90816666666667,190.5679702758789,24,0.12593931690228952,190.66405296325684,18,0.094406889
2250,75.075,193.62425804138184,18,0.092963558,193.71509552001953,16,0.082595525
2255,75.24183333333333,190.44208526611328,20,0.10501880386393113,190.5510425567627,13,0.06822319
2260,75.40866666666666,194.36311721801758,18,0.092610163,194.7648525238037,12,0.061612759
2265,75.5755,190.35100936889648,14,0.073548336,190.65403938293457,10,0.052451026
2270,75.74233333333333,190.80018997192383,15,0.078616274,190.90008735656738,5,0.026191711429973785
2275,75.90916666666666,193.60017776489258,9,0.046487561,193.7081813812256,9,0.046461641
2280,76.07600000000001,196.91085815429688,15,0.076176602,197.00884819030762,13,0.065986884
2285,76.24283333333334,202.75592803955078,16,0.078912613,202.85534858703613,14,0.069014695
2290,76.40966666666667,203.51910591125488,14,0.06878961,203.60565185546875,13,0.063848915
2295,76.5765,198.71902465820312,13,0.065419001,198.86326789855957,14,0.07040013
2300,76.74333333333334,188.53092193603516,15,0.079562545,188.62199783325195,15,0.079524129
2305,76.91016666666667,193.54486465454102,13,0.067167889,193.64213943481445,11,0.056805817
2310,77.077,189.44597244262695,15,0.079178247,189.53394889831543,10,0.052760996
2315,77.24383333333334,191.26129150390625,13,0.067969843,191.35808944702148,11,0.057483852
2320,77.41066666666667,189.41307067871094,12,0.0633536,189.4972324371338,9,0.047494097
2325,77.5775,201.11680030822754,11,0.054694585,201.20596885681152,9,0.044730283
2330,77.74433333333333,191.87498092651367,13,0.06775245,191.9882297515869,9,0.046877874
2335,77.91116666666667,185.61792373657227,14,0.075423751,185.70494651794434,11,0.059233748
2340,78.078,192.79098510742188,14,0.072617503,192.88015365600586,14,0.072583932
2345,78.24483333333333,200.44612884521484,14,0.069844202,200.54006576538086,14,0.069811486
2350,78.41166666666666,197.19982147216797,18,0.091277973,197.45492935180664,15,0.075966703
2355,78.5785,207.5979709625244,13,0.062621036,207.7808380126953,15,0.07219145
2360,78.74533333333333,335.22605895996094,15,0.044745925,335.3900909423828,13,0.038760835072593994
2365,78.91216666666666,235.1210117340088,16,0.068050064,235.2309226989746,12,0.051013701
2370,79.07900000000001,290.87209701538086,16,0.055006995,290.9870147705078,15,0.051548692
2375,79.24583333333334,193.38631629943848,18,0.09307794,193.57895851135254,13,0.067156059
2380,79.41266666666667,196.0890293121338,15,0.076495865,196.17819786071777,10,0.050974064
2385,79.5795,194.38791275024414,11,0.056587881,194.47898864746094,7,0.035993605523572274
2390,79.74633333333334,260.9820365905762,14,0.053643538777203056,261.0759735107422,9,0.034472724084775606
2395,79.91316666666667,265.84792137145996,18,0.067707883,265.9468650817871,13,0.048881945
2400,80.08,195.09005546569824,14,0.071761731,195.20115852355957,11,0.056352124563197034
2405,80.24683333333333,196.32816314697266,14,0.071309178,196.43712043762207,13,0.066178938
2410,80.41366666666667,195.41597366333008,16,0.081876623,195.5239772796631,12,0.061373547
2415,80.5805,198.08697700500488,20,0.1009657489976975,198.20070266723633,15,0.075680862
2420,80.74733333333333,198.6229419708252,17,0.085589307,198.84395599365234,11,0.05531976
2425,80.91416666666667,299.42798614501953,19,0.063454323,300.13108253479004,11,0.036650652
2430,81.081,211.3511562347412,16,0.075703395,211.46106719970703,10,0.047290028998840945
2435,81.24783333333333,876.1148452758789,15,0.017121043,876.2969970703125,8,0.009129325
2440,81.41466666666666,496.6881275177002,15,0.030200037345296627,496.83308601379395,8,0.016101987217046754
2445,81.5815,275.41303634643555,17,0.061725473222030425,275.50697326660156,11,0.039926394
2450,81.74833333333333,197.78704643249512,17,0.085951028,197.89791107177734,11,0.055584215
2455,81.91516666666666,192.54398345947266,15,0.077904278,192.65484809875488,12,0.062287558
2460,82.08200000000001,292.71435737609863,14,0.047828197173163875,292.80614852905273,12,0.040982746
2465,82.24883333333334,250.78105926513672,16,0.063800672,250.93698501586914,10,0.039850642181612266
2470,82.41566666666667,217.5748348236084,16,0.073537916,217.71597862243652,10,0.045931401
2475,82.5825,210.7861042022705,15,0.071162186,211.19308471679688,9,0.042615031699871755
2480,82.74933333333334,195.7380771636963,22,0.11239509613452134,195.83892822265625,10,0.051062370953289964
2485,82.91616666666667,219.33674812316895,19,0.086624791,219.4521427154541,9,0.041011219524384294
2490,83.083,246.50979042053223,21,0.085189314,246.73795700073242,11,0.044581709817623834
2495,83.24983333333333,202.76594161987305,23,0.11343127852861151,203.1710147857666,10,0.049219619
2500,83.41666666666667,196.3479518890381,18,0.091673989,196.43187522888184,9,0.045817411199242625
2505,83.5835,204.4060230255127,19,0.092952251,204.49590682983398,11,0.053790808
2510,83.75033333333333,192.9302215576172,17,0.088114759,193.0692195892334,11,0.056974385
2515,83.91716666666667,194.1530704498291,17,0.087559779,194.26703453063965,12,0.061770644870307985
2520,84.084,195.42503356933594,14,0.071638724,195.52016258239746,11,0.056260182
2525,84.25083333333333,200.43206214904785,18,0.089805991,200.51288604736328,11,0.054859317
2530,84.41766666666666,205.09004592895508,16,0.078014513,205.16681671142578,12,0.058488991
2535,84.5845,194.57674026489258,15,0.077090406,194.66114044189453,12,0.061645586
2540,84.75133333333333,194.9918270111084,16,0.082054721,195.098877,12,0.061507273580478646
2545,84.91816666666666,204.73599433898926,15,0.073265085,204.87284660339355,10,0.048810763
2550,85.08500000000001,264.0519142150879,15,0.056807011,264.15014266967773,13,0.049214434899081706
2555,85.25183333333334,194.9920654296875,13,0.066669379,195.09196281433105,9,0.04613209
2560,85.41866666666667,293.6720848083496,14,0.047672219,293.7600612640381,11,0.037445526
2565,85.5855,191.3280487060547,18,0.094079254,191.43104553222656,13,0.06790957
2570,85.75233333333334,187.1950626373291,18,0.096156382,187.25991249084473,12,0.064082055
2575,85.91916666666667,193.76802444458008,15,0.077412153,193.86792182922363,15,0.077372264
2580,86.086,197.80898094177246,15,0.075830733,197.9360580444336,13,0.065677776
2585,86.25283333333333,193.8459873199463,15,0.077381019,193.94516944885254,13,0.067029254
2590,86.41966666666667,192.5799847,13,0.067504419,192.66915321350098,13,0.067473178
2595,86.5865,190.98186492919922,13,0.06806929,191.07317924499512,13,0.06803676
2600,86.75333333333333,193.63093376159668,12,0.061973569,193.76301765441895,10,0.051609436
2605,86.92016666666667,189.22972679138184,13,0.068699565,189.31889533996582,12,0.063385115
2610,87.087,188.96913528442383,14,0.074086173,189.0699863433838,10,0.052890468
2615,87.25383333333333,190.08421897888184,12,0.063129912,190.1712417602539,11,0.057842605
2620,87.42066666666666,198.1489658355713,11,0.05551379,198.24481010437012,11,0.055486951
2625,87.5875,194.13304328918457,12,0.061813279,194.25630569458008,11,0.056626218
2630,87.75433333333334,194.92197036743164,12,0.061563096,195.01066207885742,11,0.056407172216829234
2635,87.92116666666666,191.75481796264648,12,0.062579914,191.85185432434082,9,0.046911196
2640,88.08800000000001,197.51501083374023,11,0.055691969706845895,197.61109352111816,11,0.055664891094914466
2645,88.25483333333334,192.00515747070312,11,0.057290128,192.08335876464844,12,0.062472876761297626
2650,88.42166666666667,187.1020793914795,12,0.064136112,187.1969699859619,13,0.069445568
2655,88.5885,191.74623489379883,12,0.062582715,191.83826446533203,12,0.062552693
2660,88.75533333333334,211.60387992858887,12,0.056709735,212.0668888092041,12,0.05658592
2665,88.92216666666667,190.4592514038086,12,0.063005603,190.55986404418945,12,0.062972337
2670,89.089,197.5259780883789,14,0.070876753,197.63708114624023,12,0.060717350865552806
2675,89.25583333333333,257.11703300476074,12,0.046671353740216075,257.20906257629395,11,0.042766766807593164
2680,89.42266666666667,196.0148811340332,13,0.066321495,196.11382484436035,9,0.045891716
2685,89.5895,203.73201370239258,13,0.063809314,203.82380485534668,10,0.049061982760536624
2690,89.75633333333333,196.7642307281494,13,0.066068919,196.86293601989746,11,0.055876439833693226
2695,89.92316666666667,196.6850757598877,13,0.066095508,196.80261611938477,12,0.060974799
2700,90.09,189.70489501953125,14,0.073798834,189.79620933532715,12,0.06322571
2705,90.25683333333333,195.17803192138672,15,0.076852911,195.25671005249023,15,0.076821944
2710,90.42366666666666,221.56405448913574,11,0.049647042,221.66800498962402,15,0.067668764
2715,90.5905,249.82285499572754,12,0.048034036,249.94897842407227,9,0.036007348606683566
2720,90.75733333333334,208.9231014251709,14,0.067010301,209.0282440185547,14,0.066976595
2725,90.92416666666666,198.86183738708496,15,0.075429254,198.9738941192627,14,0.070360989
2730,91.09100000000001,205.70015907287598,14,0.068060229,205.80101013183594,12,0.058308752
2735,91.25783333333334,197.24011421203613,13,0.065909514,197.36599922180176,12,0.060800746062214535
2740,91.42466666666667,192.5671100616455,13,0.067508932,192.94381141662598,14,0.072559985
2745,91.5915,305.1571846008301,15,0.049154995382531125,305.2530288696289,13,0.04258762
2750,91.75833333333334,223.38199615478516,11,0.049243002,223.4809398651123,14,0.062645163
2755,91.92516666666667,204.79106903076172,19,0.092777483,204.90598678588867,17,0.082964877
2760,92.092,206.82597160339355,17,0.082194706,207.02528953552246,16,0.077285244
2765,92.25883333333333,196.71392440795898,16,0.081336388,197.0663070678711,16,0.081190947
2770,92.42566666666667,203.03583145141602,13,0.064028107,203.20606231689453,13,0.063974469
2775,92.5925,203.92203330993652,12,0.058846019751879725,204.03218269348145,15,0.073517814
2780,92.75933333333333,208.2502841949463,13,0.062424884797902605,208.7259292602539,16,0.076655546
2785,92.92616666666667,208.30893516540527,17,0.081609557,208.39500427246094,13,0.062381534
2790,93.093,214.7231101989746,19,0.088486051,214.86783027648926,12,0.055848286
2795,93.25983333333333,210.77299118041992,21,0.099633259,210.8762264251709,12,0.056905418896322016
2800,93.42666666666666,208.03213119506836,15,0.072104246,208.14204216003418,13,0.062457348
2805,93.5935,231.3709259033203,14,0.060508899,231.46510124206543,14,0.06048428
2810,93.76033333333334,206.95900917053223,18,0.086973745,207.12590217590332,13,0.062763758
2815,93.92716666666666,203.0017375946045,19,0.093595258,203.0930519104004,12,0.059086216328533496
2820,94.09400000000001,193.71891021728516,18,0.092918136,193.80474090576172,11,0.056758157455749705
2825,94.26083333333334,187.9570484161377,14,0.074485102,188.0488395690918,12,0.06381321
2830,94.42766666666667,217.46087074279785,18,0.082773512,217.53978729248047,13,0.059759183
2835,94.5945,187.02101707458496,19,0.10159285997478401,187.1337891,11,0.058781474
2840,94.76133333333334,191.57099723815918,19,0.09917994,191.6520595550537,10,0.05217789
2845,94.92816666666667,189.69082832336426,15,0.079076042,189.77880477905273,12,0.063231508
2850,95.095,191.4999485015869,15,0.078329003,191.59698486328125,12,0.062631466
2855,95.26183333333333,190.04487991333008,16,0.08419064,190.12904167175293,13,0.068374615
2860,95.42866666666667,192.6879883,15,0.077846056,192.7778720855713,13,0.067435126
2865,95.5955,198.46296310424805,13,0.065503406,198.55403900146484,12,0.060436947343647185
2870,95.76233333333333,202.3751735687256,11,0.054354493221790645,202.47387886047363,10,0.049389086909779015
2875,95.92916666666667,193.56179237365723,8,0.041330471,193.6650276184082,10,0.051635549
2880,96.096,205.0008773803711,13,0.063414363,205.21020889282227,12,0.058476623
2885,96.26283333333333,195.73402404785156,11,0.056198712,195.8296298980713,14,0.071490714
2890,96.42966666666666,197.1268653869629,10,0.050728752675947314,197.2208023071289,11,0.055775049
2895,96.5965,191.1449432373047,11,0.057547951903407675,191.23601913452148,11,0.057520545
2900,96.76333333333334,196.5351104736328,9,0.045793344396890555,196.6242790222168,12,0.061030103
2905,96.93016666666666,192.06976890563965,10,0.052064414181248984,192.15989112854004,12,0.062447995
2910,97.09700000000001,194.5202350616455,10,0.051408533394126814,194.6120262145996,13,0.066799572
2915,97.26383333333334,191.88213348388672,11,0.057326858943455114,191.9841766357422,14,0.072922676
2920,97.43066666666667,188.93194198608398,11,0.058222023678824085,189.02111053466797,13,0.068775387
2925,97.5975,190.66309928894043,14,0.073427947,190.75584411621094,14,0.073392247
2930,97.76433333333334,188.39192390441895,12,0.063696998,188.48586082458496,12,0.063665253
2935,97.93116666666667,186.71584129333496,13,0.069624516,186.80691719055176,14,0.074943692
2940,98.098,188.51304054260254,9,0.047742055,188.60816955566406,15,0.079529959
2945,98.26483333333333,199.96881484985352,9,0.045007018,200.06394386291504,14,0.069977627
2950,98.43166666666667,190.86885452270508,12,0.062870394,191.31708145141602,14,0.073176947
2955,98.5985,188.7381076812744,12,0.063580165,188.8277530670166,14,0.074141644
2960,98.76533333333333,190.34504890441895,14,0.073550639,190.43588638305664,14,0.073515556
2965,98.93216666666667,189.7888184,15,0.079035215,189.88275527954102,15,0.078996115
2970,99.099,190.50979614257812,12,0.062988887,190.59514999389648,14,0.073454125
2975,99.26583333333333,191.03407859802246,15,0.078520022,191.12610816955566,13,0.068017918
2980,99.43266666666666,189.1927719116211,12,0.06342737,189.3479824066162,15,0.079219223
2985,99.5995,197.09014892578125,13,0.065959664,197.18289375305176,12,0.060857206077057475
2990,99.76633333333334,198.32777976989746,15,0.07563237,198.4238624572754,10,0.050397164
2995,99.93316666666666,192.51418113708496,13,0.067527493,192.67988204956055,12,0.062279465154091156
3000,100.10000000000001,193.2990550994873,14,0.072426634,193.3901309967041,12,0.062050736
3005,100.26683333333334,229.3698787689209,13,0.056677015,229.5229434967041,12,0.052282355
3010,100.43366666666667,194.4429874420166,12,0.061714748152480584,194.53191757202148,14,0.071967625
3015,100.6005,186.24305725097656,14,0.075170587,186.33127212524414,11,0.059034642
3020,100.76733333333334,191.32590293884277,15,0.078400257,191.41626358032227,12,0.062690598
3025,100.93416666666667,192.3820972442627,17,0.088365811,192.47007369995117,10,0.051956129115372895
3030,101.101,188.78912925720215,17,0.090047558,188.87782096862793,12,0.063533134
3035,101.26783333333333,191.4541721343994,13,0.067901367,191.88880920410156,14,0.072958919
3040,101.43466666666667,189.37325477600098,11,0.058086344,189.46003913879395,10,0.052781579
3045,101.6015,191.15018844604492,8,0.041851907,191.2982464,8,0.041819516
3050,101.76833333333333,194.42296028137207,10,0.051434254,194.69594955444336,8,0.041089709
3055,101.93516666666667,190.33002853393555,15,0.078810475,190.41895866394043,11,0.057767357185338215
3060,102.102,203.4280300140381,12,0.058988921040880694,203.67813110351562,12,0.058916487
3065,102.26883333333333,195.42193412780762,12,0.061405594,195.88708877563477,10,0.051049816823066904
3070,102.43566666666666,194.54503059387207,10,0.051401981173581246,194.63491439819336,11,0.056516068
3075,102.6025,190.69314002990723,10,0.052440271,191.2372112,10,0.052291078
3080,102.76933333333334,201.16376876831055,12,0.059652889,201.25198364257812,10,0.049688951
3085,102.93616666666667,197.23272323608398,13,0.065911984,197.32403755187988,11,0.055745869263940595
3090,103.10300000000001,192.5041675567627,10,0.051946927,192.96884536743164,11,0.05700402
3095,103.26983333333334,189.59808349609375,12,0.063291779,189.68486785888672,12,0.063262822
3100,103.43666666666667,190.6440258026123,10,0.052453781,190.7331943511963,10,0.052429259
3105,103.6035,195.82486152648926,12,0.061279247,195.9066390991211,11,0.056149195
3110,103.77033333333334,185.64987182617188,11,0.05925132,185.74285507202148,11,0.059221658866688405
3115,103.93716666666667,191.65301322937012,11,0.057395393,191.7419434,9,0.046938086901161864
3120,104.104,200.45113563537598,12,0.059864963907354476,200.55603981018066,9,0.044875238
3125,104.27083333333333,228.20305824279785,13,0.056966809,228.29294204711914,10,0.043803369085041725
3130,104.43766666666667,202.5320529937744,13,0.064187371,202.6660442352295,12,0.059210708
3135,104.6045,291.92495346069336,13,0.044531993054682126,293.3502197265625,12,0.040906736020806245
3140,104.77133333333333,199.25236701965332,10,0.05018761,199.5851993560791,10,0.050103916
3145,104.93816666666667,199.87082481384277,14,0.070045241,200.03104209899902,10,0.049992240679578206
3150,105.105,209.0456485748291,12,0.05740373,209.1689109802246,10,0.047808252
3155,105.27183333333333,319.14782524108887,13,0.040733475,319.29612159729004,11,0.034450779
3160,105.43866666666666,230.76915740966797,12,0.052000017,231.10699653625488,10,0.043270001
3165,105.6055,204.2520046234131,13,0.063646866,204.38385009765625,10,0.048927545
3170,105.77233333333334,211.78603172302246,13,0.061382707,211.90929412841797,11,0.051909002
3175,105.93916666666667,199.4178295135498,13,0.065189758,199.5379925,9,0.045104192380900035
3180,106.10600000000001,199.63598251342773,11,0.055100287340535556,199.89991188049316,10,0.050025034558185966
3185,106.27283333333334,194.5209503173828,14,0.071971682,194.6580410003662,12,0.061646567
3190,106.43966666666667,194.87500190734863,13,0.066709428,194.97418403625488,10,0.051288841
3195,106.6065,193.84121894836426,14,0.072224061,193.9682960510254,9,0.046399335
3200,106.77333333333334,198.20404052734375,11,0.055498364,198.78506660461426,11,0.055336149
3205,106.94016666666667,190.4449462890625,13,0.068261197,190.88292121887207,11,0.057626947082327344
3210,107.107,193.14932823181152,11,0.056950755,193.45808029174805,9,0.046521706
3215,107.27383333333333,190.78302383422852,13,0.068140235,190.9029483795166,10,0.052382637800438364
3220,107.44066666666667,194.72622871398926,13,0.066760395,194.81492042541504,11,0.056463847717512755
3225,107.6075,194.23818588256836,11,0.056631500907089044,194.3371295928955,9,0.046311274
3230,107.77433333333333,200.86002349853516,9,0.044807323245511996,200.98114013671875,6,0.029853547431955358
3235,107.94116666666667,189.51892852783203,12,0.063318214,189.60905075073242,7,0.036918069
3240,108.108,202.7609348297119,11,0.054251081,202.84509658813477,7,0.034509092
3245,108.27483333333333,205.57904243469238,13,0.063236018,205.70778846740723,6,0.029167588
3250,108.44166666666666,216.70985221862793,11,0.050759114,216.84503555297852,6,0.027669529
3255,108.6085,202.01706886291504,12,0.059400921,202.14509963989258,7,0.034628591
3260,108.77533333333334,198.98605346679688,12,0.060305734,199.4771957397461,8,0.040104835
3265,108.94216666666667,194.64397430419922,16,0.082201363,195.12009620666504,8,0.04100039
3270,109.10900000000001,197.45516777038574,12,0.060773289,197.5729465484619,9,0.045552795
3275,109.27583333333334,195.8308219909668,12,0.061277381558218304,195.9531307220459,9,0.045929350385150274
3280,109.44266666666667,203.95803451538086,11,0.053932663286037255,204.1327953338623,7,0.034291403
3285,109.6095,196.45977020263672,10,0.050901006296024814,196.57588005065918,7,0.035609658713958416
3290,109.77633333333334,192.48700141906738,10,0.05195156,192.60025024414062,9,0.046728911247994616
3295,109.94316666666667,193.67194175720215,9,0.046470334929996714,194.21982765197754,10,0.051488048984983124
3300,110.11,200.89387893676758,9,0.044799772,201.0049819946289,9,0.044775009607674755
3305,110.27683333333333,200.98209381103516,14,0.069657947,201.10797882080078,10,0.049724531
3310,110.44366666666667,206.17294311523438,13,0.063053861,206.30693435668945,11,0.053318615
3315,110.6105,236.17792129516602,12,0.050809152,236.3882064819336,10,0.042303295
3320,110.77733333333333,214.72907066345215,10,0.046570313,214.86306190490723,12,0.055849525
3325,110.94416666666667,221.7879295349121,11,0.049596928,221.8799591064453,11,0.049576357
3330,111.111,226.42898559570312,12,0.052996748,226.51410102844238,9,0.039732626
3335,111.27783333333333,224.7631549835205,12,0.053389534,224.85113143920898,11,0.048921257
3340,111.44466666666666,295.11094093322754,11,0.037274118,295.25303840637207,11,0.037256179
3345,111.6115,202.89206504821777,13,0.064073477,203.08208465576172,10,0.049241173
3350,111.77833333333334,213.14191818237305,10,0.046917096764811816,213.2716178894043,9,0.042199708
3355,111.94516666666667,273.12326431274414,10,0.036613504987071846,273.2999324798584,9,0.032930853
3360,112.11200000000001,226.3629436,11,0.048594526,226.44996643066406,9,0.039743879
3365,112.27883333333334,209.0322971343994,12,0.057407396677483194,209.11884307861328,10,0.047819698372378316
3370,112.44566666666667,215.5609130859375,12,0.055668719,215.6510353088379,10,0.046371213
3375,112.6125,222.7170467376709,11,0.049390023,222.81384468078613,12,0.053856617470030996
3380,112.77933333333334,280.0459861755371,12,0.042850105312626105,280.1368236541748,11,0.039266526465579384
3385,112.94616666666667,245.94402313232422,13,0.052857556099282256,246.24395370483398,13,0.052793174428894814
3390,113.113,291.9318675994873,15,0.051381852,292.0360565185547,14,0.047939286
3395,113.27983333333333,210.04700660705566,14,0.066651747,210.3102207183838,13,0.061813449
3400,113.44666666666667,236.2968921661377,12,0.050783570998313994,236.58299446105957,13,0.054949004384758256
3405,113.6135,247.4827766418457,12,0.048488223,247.56598472595215,14,0.05655058
3410,113.78033333333333,232.83624649047852,13,0.055833231277122544,232.9261302947998,12,0.051518479
3415,113.94716666666667,288.61117362976074,11,0.038113562,288.70677947998047,14,0.048492106853939634
3420,114.114,313.04287910461426,16,0.051111208936501756,313.27295303344727,13,0.041497358371094445
3425,114.28083333333333,219.6359634399414,12,0.054635861140661296,219.9087142944336,11,0.050020755
3430,114.44766666666666,205.22403717041016,15,0.073090853,205.32798767089844,13,0.063313337
3435,114.6145,257.1299076080322,15,0.058336271,257.2152614593506,12,0.04665353
3440,114.78133333333334,220.69096565246582,14,0.063437123,220.77417373657227,11,0.049824668
3445,114.94816666666667,266.2482261657715,13,0.048826616,266.3428783416748,12,0.045054706
3450,115.11500000000001,218.13583374023438,14,0.064180193,218.22476387023926,11,0.050406745
3455,115.28183333333334,277.21214294433594,18,0.064932221,277.3003578186035,13,0.046880574
3460,115.44866666666667,231.74715042114258,18,0.077670858,231.8427562713623,13,0.056072487
3465,115.6155,252.0439624786377,15,0.059513427,252.14004516601562,11,0.043626548860008774
3470,115.78233333333334,283.4501266479492,12,0.042335489992227957,283.8141918182373,12,0.042281184
3475,115.94916666666667,225.46887397766113,13,0.057657626,225.6491184234619,14,0.062043229
3480,116.116,271.7111110687256,12,0.044164554,271.85583114624023,10,0.036784203
3485,116.28283333333333,237.23196983337402,15,0.063229252,237.3361587524414,12,0.050561196
3490,116.44966666666667,215.8060073852539,13,0.060239286929545846,215.89398384094238,12,0.055582836